{
  "accuracy": 0.8065241844769404,
  "precision": 0.9034608378870674,
  "recall": 0.6302414231257941,
  "f1": 0.7425149700598802,
  "auc_roc": 0.9532386138524997,
  "average_precision": 0.9095240363975025,
  "threshold_used": 0.18
}