{
  "accuracy": 0.8740157480314961,
  "precision": 0.917037037037037,
  "recall": 0.7865311308767471,
  "f1": 0.8467852257181943,
  "auc_roc": 0.9517243501552088,
  "average_precision": 0.8620862966130097,
  "threshold_used": 0.45000000000000007
}